"sponsor","website_url","logo_candidate_url","website_confidence","logo_confidence","needs_manual_review","note"
"Ansorge Bohrwurm Zittau","https://www.bohrwurm.de/","https://www.bohrwurm.de/wp-content/uploads/2022/12/Ansorge-Logo-300x73.jpg","high","high","false",""
"Autohaus Havlat Grossschoenau","https://www.autohaus-havlat.de/","https://assets.volkswagen.com//is/image/cso/logo_40673?Zml0PWNyb3AsMSZmbXQ9anBlZyZxbHQ9Nzkmd2lkPTI5OSZoZWk9Mjk5JmJmYz1vZmYmMWE0Ng==","manual","manual","false","Vanity-Domain leitet auf die offizielle Volkswagen-Haendlerseite."
"Autohaus Buechner GmbH Zittau","https://www.ambestenbuechner.de/","https://www.ambestenbuechner.de/assets/logo-0e7324c53e7911e7b2692c4b938c46aec4a58b3f447f75a0d7b188850abecf0f.png","manual","manual","false",""
"Autopflege Langer Grossschoenau","https://www.autopflege-langer.de/","https://image.jimcdn.com/app/cms/image/transf/dimension=4096x4096:format=png/path/sa1ad8760c5d53819/image/ia87d0993f30f1899/version/1490613971/image.png","high","high","false",""
"Autoservice Engler Schlegel","https://www.autoservice-schlegel.de/","https://www.autoservice-schlegel.de/uploads/ZKV0u5St/142x142_234x234/Audi.jpg","high","high","false",""
"Baumanns Eisparadies Leuba","https://www.baumanns.de/","https://www.baumanns.de/fileadmin2023/_processed_/d/5/csm_251022_logo_baumanns_0e8d58fa61.png","manual","manual","false",""
"Bergquell-Brauerei Loebau","https://www.bergquell-porter.de/","https://www.bergquell-porter.de/fileadmin/introduction/images/theme/Doppellogo.png","high","high","false",""
"Brennstoffhandel Lange","https://brennstoffhandel.de/","https://brennstoffhandel.de/images/favicon.ico","medium","low","true",""
"Brieger Rechtsanwaelte Zittau","https://www.rechtsanwaelte-brieger.de/","","manual","medium","true","Offizielle Website gefunden, aber kein klares Logo-Bild im HTML."
"City-Fahrschule Krause Zittau","https://www.cityfahrschulekrause.de/","http://www.cityfahrschulekrause.de/wp-content/uploads/2018/01/Fahrschule-Krause-Zittau-Logo.png","high","high","false",""
"Come back e.V.","https://comeback-zittau.de/","https://comeback-zittau.de/wp/wp-content/themes/comeback/assets/images/logo-comeback.svg","high","high","false",""
"DEKRA Automobil GmbH Bautzen","https://www.dekra.de/de/bautzen/","","manual","low","true","Offizielle Standortseite; Logo wird inline als SVG/Data-URI gerendert."
"EVG Neugersdorf","https://www.evg-holz.de/","https://www.evg-holz.de/config/1148/logo.png","manual","manual","false",""
"Ebermann u. Klippel Oderwitz","https://autofit-oderwitz.de/","https://autofit-oderwitz.de/assets/logo.png","medium","high","true",""
"Eichler GmbH & Co KG","https://www.eichler-sachsen.de/","https://www.eichler-sachsen.de/wp-content/uploads/2018/05/logo-eichler.png","manual","manual","false",""
"ELLOs GmbH und Co. KG","http://die-ellos.de/","http://die-ellos.de/pic/logo.gif","manual","manual","false","Offizielle lokale Elektroteam-Seite nutzt aktuell kein sauberes HTTPS."
"Fleischerei Kummer Zittau","http://www.fleischerei-kummer.de/","http://www.fleischerei-kummer.de/templates/jt009_j15/images/logo.png","high","high","false",""
"Forstwirtschaftliche Dienstleistungen Volkmar Hamann Waltersdorf","","","none","high","true","Keine offizielle Website gefunden; nur Branchenverzeichnisse."
"Frottana Textil GmbH und Co. KG","https://www.frottana.de/frottana","https://cdn.moeve.de/media/fe/a1/ee/1767948167/frottana_logo_mobile.svg?ts=1778488091","high","high","false",""
"FS Frank Fritsche Waltersdorf","https://www.fahrschule-fritsche.de/","https://www.fahrschule-fritsche.de/files/seiteninhalt/fritsche_header01.jpg","high","medium","false",""
"FWH Federnfabrik Hesse Neugersdorf","https://www.wilhelm-hesse.de/","https://www.wilhelm-hesse.de/wp-content/uploads/2019/05/HesseLogogro%C3%9F-ohne-stadt-4900-tr._web.png","high","high","false",""
"Garten Landschaftsbau Kommunale Dienstleistungen Frank Laufer Saalendorf","https://www.laufer777.de/kontakt.html","https://www.laufer777.de/media/logo.jpg","high","high","false",""
"Gaestehaus Am Oberlausitzer Dreieck","https://www.oberlausitzer-dreieck.de/","https://www.oberlausitzer-dreieck.de/sites/default/files/oberlausitzerdreieck_logo_350x141.png","high","high","false",""
"GEMTEC GmbH Hainewalde","https://www.gemtec.de/","https://www.gemtec.de/wp-content/uploads/2017/01/Logo-2.png","manual","manual","false",""
"Geruestbau Kiessling","https://www.geruestbau-kiessling.de/baugerueste","https://www.geruestbau-kiessling.de/files/www/logo.png","high","high","false",""
"Glaubitz GmbH & Co.KG Zittau","https://www.glaubitz-autodienst.de/","https://www.glaubitz-autodienst.de/api/image/image-cache/mitsubishi_partnerseiten/6118/6118.jpg?width=125&height=60&t=1574264120","manual","manual","false",""
"Hahmann Zimmermann Werbetechnik","https://mann2.de/","https://mann2.de/wp/wp-content/themes/mann2/images/mann2-logo.svg","manual","manual","false","Hahmann & Zimmermann tritt online als MANN2 auf."
"Herrnhuter Sterne GmbH","https://shop.herrnhuter-sterne.de/","https://shop.herrnhuter-sterne.de/templates/meteor_2.0.3/img/logo-2.png","high","high","false",""
"HI-Tech Gross GmbH Zittau","https://www.hitech-gamer.com/","","high","none","true",""
"Hotel und Ausflugsgaststaette Gondelfahrt Jonsdorf","https://www.hotel-gondelfahrt.de/de/home-2/","https://www.hotel-gondelfahrt.de/wp-content/themes/gofa_v1/library/images/win8-tile-icon.png","high","high","false",""
"Hotel Sonnebergbaude Waltersdorf","https://sonnebergbaude.de/","https://sonnebergbaude.de/wp/wp-content/themes/sbb/images/logo-sonnebergbaude.svg","manual","manual","false",""
"Haeber Aluminiumbau Hainewalde","https://alu-haeber.de/","https://alu-haeber.de/images/layout/favicon.ico?v=2.1","high","low","false",""
"Kaffeeroesterei Waltersdorf","https://www.kaffeeroesterei-zittauergebirge.de/","https://image.jimcdn.com/app/cms/image/transf/none/path/sdf59a6e4c38e1197/image/icae88e6561a17d5d/version/1459501983/image.jpg","manual","manual","false",""
"Kahle Heizung Sanitär GmbH","https://kahle-gmbh.de/","https://kahle-gmbh.de/wp-content/uploads/2023/08/Kahle_Ci_Logo_Favicon.svg","high","low","false",""
"Kanzlei Mengel Schwitzky Hitziger Beckert Zittau","https://kanzlei-zittau.de/","https://kanzlei-zittau.de/wp/wp-content/themes/msh/images/mshb-logo.svg","high","high","false",""
"Kaelte Klima Oberlausitz GmbH Leutersdorf","https://www.kaelte-klima-oberlausitz.de/","https://www.kaelte-klima-oberlausitz.de/fileadmin/introduction/images/logo_klima.png","high","high","false",""
"Lackiererei Steffen Jahn Zittau","https://steffenjahn.com/","https://steffenjahn.com/publish/html/img/steffen-jahn.svg","high","low","false",""
"Mobile Haus Krankenpflege Kroeber GmbH Zittau","https://www.haus-krankenpflege.de/","https://onecdn.io/cdn-cgi/image/width=16,height=16,fit=contain/media/9257ffc2-368a-4eca-8ef1-3b7a1f8c530c/sm","high","low","false",""
"Motorradhaus Goldhammer Zittau","https://gasgas.motorradhaus-goldhammer.de/de","https://images5.1000ps.net/member-dateien/892560_files/goldhammerlogo_2022-04-19.png?maxwidth=400&maxheight=200","high","high","false",""
"Oliver Niegisch Oderwitz","https://firmania.de/oderwitz/niegisch-oliver-4255924","","medium","none","true",""
"Pension Auf der Heide Waltersdorf","https://www.gasthofaufderheide.de/","https://www.gasthofaufderheide.de/images/logo.jpg","manual","manual","false",""
"Physiotherapie Wittwer Leutersdorf","https://www.therapiezentrum-wittwer.de/","https://www.therapiezentrum-wittwer.de/fileadmin/introduction/images/logo-tz-wittwer.png","high","high","false",""
"popken-Folienwerk Inh. Jette Moenkemeier e.K.","https://popken-folienwerk.de/","https://popken-folienwerk.de/images/Logo_Popken.svg","high","high","false",""
"Pro-Carline Lahwalde","https://procarline.de/","https://procarline.de/wp-content/uploads/procarline-25jahre-logo-weiss-2.png","high","high","false",""
"Reifen Russ Grossschoenau","https://reifen-russ.de/","https://reifen-russ.de/sites/default/files/logo_reifenruss.png","high","high","false",""
"Reifen Service Hiltscher GmbH","https://www.hiltscher.com/home/reifen/","https://www.hiltscher.com/wp-content/uploads/2023/11/hiltscher_logo4.jpg","manual","manual","false",""
"Rumpf und Schuppe Zittau","https://www.rumpf-schuppe.de/","https://static.wixstatic.com/media/c058cb_e279d0bde68f443dad8df29ced29398d~mv2.png/v1/crop/x_0,y_75,w_1775,h_331/fill/w_410,h_77,al_c,q_85,usm_0.66_1.00_0.01,enc_avif,quality_auto/c058cb_e279d0bde68f443dad8df29ced29398d~mv2.png","high","high","false",""
"Ruebezahlbaude Waltersdorf","https://www.hotel-im-naturpark.de/de/urlaub-ruebezahlbaude/ruebezahlbaude-im-zittauer-gebirge","https://www.hotel-im-naturpark.de/files/www/responsive/logo.png","manual","manual","false",""
"SIGNMAX Spitzkunnersdorf","https://www.signmax.de/","https://www.signmax.de/wp-content/uploads/2024/02/adminlogo_signmax.svg","manual","manual","false",""
"Sieber Autoteile Grossschoenau","https://sieber-autoteile.de/","https://sieber-autoteile.de/wp-content/uploads/2022/06/CAR_Logo_RGB-300x144.png","high","high","false",""
"Sparkasse Oberlausitz-Niederschlesien","https://www.sparkasse-oberlausitz-niederschlesien.de/de/home.html","https://www.sparkasse-oberlausitz-niederschlesien.de/content/dam/myif/sk-oberlausitz-niederschlesien/work/bilder/nbf-logos/logo_weiss.svg","high","high","false",""
"Steguweit und Schulz Nutzfahrzeugservice GmbH","https://man-zittau.de/","https://man-zittau.de/images/man-logo.png","high","high","false",""
"Suesswaren Heike Zimmermann Zittau","https://www.suesswaren-zittau.de/","https://www.suesswaren-zittau.de/wp-content/uploads/2021/11/Papiertragetasche-22x28-cm-Su%CC%88sswaren-Zimmermann-1-1-1-1.png","high","high","false",""
"Tarrach Schreiber Collegen Zittau","https://tsc-steuerberater.de/","https://tsc-steuerberater.de/wp-content/uploads/2026/07/Logo-Tarrach.svg","manual","manual","false",""
"TDQ GmbH Zittau","https://tqd-werkstoffpruefung.de/","","manual","high","true","Suchtreffer deuten auf TQD Technische Qualitaetssicherung Dreilaendereck GmbH; Sponsor-Schreibweise TDQ bitte pruefen."
"Thieme Montageservice","https://www.montageservice-thieme.de/","https://usercontent.one/wp/www.montageservice-thieme.de/wp-content/uploads/2022/02/logo-transp.png","high","high","false",""
"TREUPART Steuerberatung","http://www.treupart-steuer.de/","http://www.treupart-steuer.de/images/logo_treupart.png","high","high","false",""
"Volksbank Loebau-Zittau","https://www.vb-loebau-zittau.de/startseite.html","https://atruvia.scene7.com/is/image/atruvia/vb%2048%2048","manual","manual","false",""
"Vogt und Lischke Hochbau GmbH Grossschoenau","https://www.hochbau-vogt-lischke.de/","https://www.hochbau-vogt-lischke.de/img/icon/win8-tile-144x144.png","high","high","false",""
"Webber Brennertechnik GmbH","https://www.webber-brennertechnik.com/de/industriebrenner/","https://www.webber-brennertechnik.com/typo3conf/ext/tsbasetemplate/Resources/Public/Icons/deu.png","high","low","false",""
"Werkstaette Berndt Grossschoenau","https://berndt.gmbh/","https://berndt.gmbh/wp/wp-content/themes/berndt/images/logo-berndt-gmbh.svg","manual","manual","false",""
"WWG Grossschoenau","https://www.w-w-g.net/","https://www.w-w-g.net/wp-content/uploads/go-x/u/5216dce8-ba80-4b24-b4c9-e1b1fb4d22b2/w180,h180,rtfit,bgdde1e5,el1,ex1,fpng/image.png?v=1773938852155","manual","manual","false","Wohnbau und Waermeversorgung Grossschoenau GmbH."
"Zimmerei Jens Vogt Saalendorf","https://zimmerei-jens-vogt.de/home","https://zimmerei-jens-vogt.de/_assets/6a12e2770fe25c4801d973677ea1e993/Images/logo-2025.svg","high","high","false",""
"Zimmerei Ronny Vogt Jonsdorf","https://www.zimmerermeister-ronny-vogt.de/","https://www.zimmerermeister-ronny-vogt.de/assets/images/logo-ronny-vogt-neu-96x136.png","high","high","false",""
"Zweiradtechnik Vyhnalek Grosspostwitz","https://shop.bz-motorrad.de/","https://i0.wp.com/shop.bz-motorrad.de/wp-content/uploads/2021/02/Vhy-Logo-yamaharot-1400x256-1.png?fit=1020%2C187&ssl=1","manual","manual","false",""
